"division","isFreshBlood","isHotStreak","isInactive","isVeteran","leaguePoints","losses","playerOrTeamId","playerOrTeamName","wins"
"I","true","false","false","false","17","163","46017532","lekcycc aka boss","187"
"I","false","false","false","false","186","90","21696559","Révanche","118"
"I","true","false","false","false","443","120","21687341","Nghiaa","148"
"I","true","false","false","false","115","83","20882111","ZetNajiN","110"
"I","false","false","false","false","37","134","19923074","BOYCOTT DYNAMICQ","145"
"I","false","false","false","false","260","55","32697559","Ikebi","83"
"I","false","false","false","false","75","78","44746873","CJ Carryjoe","103"
"I","false","false","false","false","100","52","20016304","duck duck NAGA","110"
"I","false","false","false","false","353","204","20429674","Irode","232"
"I","true","true","false","false","50","197","77586988","F E Ä R L E S S ","220"
"I","true","false","false","false","0","100","72897182","ìron man","112"
"I","false","true","false","true","382","108","20207171","Ws Reaper","144"
"I","true","false","false","false","69","211","21326641","Prebot","233"
"I","false","false","false","true","114","209","25797111","EasyFix Demon","230"
"I","false","false","false","true","126","85","21090904","Higa","107"
"I","false","true","false","false","63","85","147034","NeTox","107"
"I","false","false","false","false","239","80","22331014","Gistick","107"
"I","false","true","false","false","308","61","22719323","Wolf the Falcon","95"
"I","true","false","false","false","408","154","29925994","Hustlnbeast","187"
"I","true","false","false","false","3","178","27499934","Maikokoro","214"
"I","true","false","false","false","2","209","29945907","En Taro ZeratuI","229"
"I","false","false","false","false","70","34","20581885","MusTi try 2","63"
"I","false","false","false","false","89","90","23519944","Doomseer","129"
"I","false","false","false","false","0","104","19719526","WOLVES Snow","128"
"I","true","false","false","false","0","178","30989791","VoidBoss","203"
"I","false","false","false","false","12","151","20228424","Vin Fynnek","171"
"I","false","false","false","false","156","83","42819462","Quazan","126"
"I","false","false","false","false","362","84","122773","Krorys","109"
"I","false","false","false","false","92","238","54367179","PGM bucu","262"
"I","true","false","false","false","0","185","22838876","Xaford","202"
"I","false","true","false","false","191","125","28333504","TwitchTV iakish","147"
"I","false","false","false","false","145","74","80637410","Xepiv","98"
"I","false","false","false","false","40","28","44593927","B81","95"
"I","false","false","false","true","102","131","45237134","NT princephilip","154"
"I","false","false","false","false","436","49","27688258","Bonghair","73"
"I","true","true","false","false","18","177","20292479","Bjarnemedhatten","211"
"I","false","false","false","false","73","132","24010336","Natsumé","147"
"I","false","false","false","false","347","173","24041837","Oggis","212"
"I","false","false","false","false","108","329","32900575","KIYF Simpy ","377"
"I","false","false","false","false","141","105","33078253","Yoshow","130"
"I","false","true","false","false","106","235","35587142","PascuaIo","258"
"I","false","false","false","true","35","131","21966132","Pungsäcken","154"
"I","true","false","false","false","128","173","19043857","Kirdos","196"
"I","false","false","false","false","39","27","20319653","Jakii","56"
"I","true","false","false","false","30","378","35437412","SaIty Scrub","390"
"I","false","false","false","false","214","134","19865880","R Slemp","154"
"I","false","false","false","false","53","75","20285443","KayzoN","97"
"I","false","true","false","false","103","191","37982445","JusticeKillaX","217"
"I","false","false","false","false","263","124","30145959","Winry RockbelI","148"
"I","false","true","false","true","351","300","19468950","GrosBill Fraid","328"
"I","false","false","false","false","160","121","24471277","Sabo v2","154"
"I","false","false","false","false","172","258","71110913","xShoot3uR61","369"
"I","false","true","false","true","251","183","30709581","HachchickeN","206"
"I","false","false","false","false","142","436","22612944","Tic InSex","469"
"I","false","false","false","false","20","72","19683616","xRoskilde","89"
"I","true","false","false","false","0","83","27356445","lvl 83 Zubat","110"
"I","false","false","false","false","194","38","81198201","Bert Svensson","63"
"I","false","false","false","false","37","281","73687170","Nikola Senpai","356"
"I","false","false","false","true","43","111","23577730","Sinistro","131"
"I","false","false","false","false","114","127","27136814","KeepPromises","146"
"I","true","false","false","false","73","313","24438366","L I A N D R I D","350"
"I","false","true","false","false","347","109","46118800","BJK Cat IV","143"
"I","true","false","false","false","31","287","68597024","Kioskpiraten","323"
"I","false","false","false","false","41","144","43519330","Xerces","176"
"I","false","false","false","true","148","120","69868138","3point14noy","151"
"I","false","false","false","false","116","117","23466198","N Killer Sama","143"
"I","false","false","false","true","308","114","33707181","HWA Marshall","140"
"I","false","false","false","false","71","62","51649997","Akutsune","87"
"I","false","false","false","false","111","163","29161162","ForsakenHound","223"
"I","false","false","false","false","156","161","45877168","PsYCraW","227"
"I","true","false","false","false","0","457","69007844","KeeperofLolis","466"
"I","false","true","false","false","367","43","76920277"," ιΙΔ","103"
"I","true","false","false","false","367","219","51490846","Ser Emta","244"
"I","false","false","false","false","50","224","71137847","Antariys","246"
"I","false","false","false","false","307","251","19045442","RekklesFanboyNr1","280"
"I","false","false","false","false","168","149","21048348","piepinson","174"
"I","false","false","false","false","1","156","25277585","Varph","170"
"I","false","true","false","false","177","220","21694982","Duke Jericho","245"
"I","true","false","false","false","16","183","31030692","PrîmêC","213"
"I","false","false","false","true","362","132","28086813","MoonManTV","168"
"I","false","false","false","false","0","55","19981184","Estintore v1","77"
"I","false","false","false","false","176","37","82560896","The pridereaver","102"
"I","false","false","false","false","259","172","40910317","AmIrrrr","204"
"I","false","false","false","false","225","144","19267665","SPIN Johnny","180"
"I","false","false","false","false","111","204","35724350","BarcodeKiIler","236"
"I","false","true","false","false","132","181","20329178","NICE INT IM AFK","205"
"I","false","false","false","true","402","139","30813283","BX3 TPL Tide","174"
"I","false","false","false","false","26","55","30422281","Mechä","83"
"I","true","false","false","false","14","8","19186360","Vollmilchpulver","70"
"I","false","false","false","true","112","172","23464539","Sypeh","199"
"I","false","true","false","false","63","73","43292249","Tabatorn","107"
"I","false","false","false","false","42","91","24798694","Teddy Vee","105"
"I","false","true","false","true","220","95","20277878","M Djoko","114"
"I","false","false","false","false","4","114","82972","Reyz","134"
"I","true","false","false","false","14","43","31866996","Twitch4life","78"
"I","false","false","false","true","0","270","23217963","awqzsxedfgvtbhnj","280"
"I","false","true","false","true","224","222","20410008","Sámma","252"
"I","false","false","false","false","199","143","82318353","18 12 2015 V2","211"
"I","true","true","false","false","0","264","22647623","Unclonable","288"
"I","true","false","false","false","55","32","27656958","Pure Rift","60"
"I","true","false","false","false","125","413","41642883","Rîíp","472"
"I","true","false","false","false","0","57","21469743","MD Spontexx","78"
"I","false","false","false","true","45","210","33457397","B4cklund","235"
"I","true","false","false","false","284","149","22709393","FTW Pharaxx","177"
"I","false","false","false","false","176","65","21363288","12620","91"
"I","false","false","false","false","37","122","38401947","mennoschober","146"
"I","false","false","false","false","14","27","38462380","Hook and Chill","56"
"I","false","true","false","false","176","96","52201195","Qumpir","120"
"I","false","false","false","false","142","169","62587454","Weerty","206"
"I","false","false","false","true","149","165","21414321","NaVi SKasH","189"
"I","false","false","false","false","34","253","26499571","Chíbs","285"
"I","false","false","false","false","70","456","21624124","G2 Tornell","474"
"I","false","false","false","false","35","101","21358147","Shiroé","121"
"I","true","false","false","false","124","302","49628112","ntx Alien","331"
"I","false","false","false","true","169","145","32081620","GIA Hero","175"
"I","false","false","false","true","153","167","20864588","Meleks","180"
"I","false","false","false","false","83","155","25293892","Crewster","181"
"I","false","false","false","false","4","26","18994167","Phones","37"
"I","false","false","false","true","263","156","43709778","Pain Skain","187"
"I","true","false","false","false","0","195","29718131","Unlucky Anthrax","216"
"I","false","false","false","false","47","191","24475395","Łêo","225"
"I","false","false","false","false","0","109","61647835","Xayifly","134"
"I","true","false","false","false","0","41","83318723","ALDERIATE XD","90"
"I","false","false","false","false","89","40","38516856","Senpapi","66"
"I","false","false","false","false","282","77","81578131","Bubber Kush","106"
"I","false","false","false","true","70","282","19901781","LFKappa uPooD","322"
"I","false","false","false","false","289","211","19748543","MM SaZeD","238"
"I","false","false","false","false","0","49","23936991","saltygingerKAPPA","76"
"I","false","false","false","false","372","102","20747228","nDG BigFat","127"
"I","false","false","false","true","8","144","71667795","Great ADC","238"
"I","false","false","false","true","181","267","20094017","TRC FindFinn","294"
"I","false","false","false","false","23","148","27663945","Aka FearlessD","176"
"I","false","false","false","false","302","492","51627197","Ulfren","510"
"I","true","true","false","false","65","93","342745","LAMA Gr0dka","121"
"I","false","false","false","false","149","101","22341322","zev","132"
"I","false","false","false","false","24","136","19777679","BarneyDStinson","155"
"I","true","false","false","false","229","98","19755322","èkuziiJ","135"
"I","false","false","false","false","160","176","46026900","Jukester","216"
"I","true","false","false","false","0","33","43749028","WaterfalI","67"
"I","false","false","false","false","190","152","18998339","Nutri","192"
"I","false","false","false","true","407","230","19458355","TBH TO SlE UCZE","258"
"I","false","false","false","true","109","455","37903782","3Somic Click","490"
"I","false","false","false","false","0","346","24444923","Shacspeare","403"
"I","false","false","false","false","38","200","19260846","Vin Himmelreiter","227"
"I","false","false","false","false","32","32","69057695","CocaColaMotorola","42"
"I","false","false","false","false","55","81","49331332","Dis lovely Q","136"
"I","true","false","false","false","0","603","82347240","Akaishiro","643"
"I","false","false","false","true","328","183","23492511","Lack of reason","210"
"I","false","false","false","false","306","224","30001868","crossman","255"
"I","false","false","false","false","229","136","32386980","kazzee","155"
"I","false","false","false","false","154","77","354746","Bolvik","102"
"I","false","false","false","false","191","106","41620987","God Shu","126"
"I","false","false","false","false","18","221","19641402","SnowPredator","248"
"I","true","false","false","false","0","259","19555059","Parnax","288"
"I","false","false","false","false","133","147","25141397","Showkz","174"
"I","false","false","false","true","112","120","27285320","Ojalá morirme ","141"
"I","false","false","false","false","0","17","24785604","SometimeS","40"
"I","false","false","false","false","97","140","30827770","DubstepSupport","172"
"I","false","false","false","false","112","275","73306985","Twraz","304"
"I","true","false","false","false","0","116","22826183","Bústed Predajna","136"
"I","false","false","false","false","139","60","69867692","AoD III","85"
"I","false","false","false","false","21","236","57346994","barcode ad","267"
"I","false","false","false","true","75","114","27581458","Danthrag","129"
"I","false","false","false","false","256","94","22821889","Dear Paranoia","124"
"I","true","true","false","false","56","166","38515770","QuickTimer46","191"
"I","false","false","false","false","64","180","25602400","Divine Wukong","210"
"I","false","false","false","false","416","75","81198202","Al Sah Him II","108"
"I","false","false","false","true","194","215","22743897","Xioh","243"
"I","true","false","false","false","374","423","71736807","IronRiderMax","453"
"I","false","false","false","false","88","50","304513","IV20 Behemoth","70"
"I","false","false","false","true","382","182","43044733","Kyray","217"
"I","false","false","false","false","232","32","19955885","Chrístmas Tree","59"
"I","false","false","false","false","9","120","49629476","Lenker Kadin","145"
"I","true","true","false","false","38","179","27373744","O Takei GreenD","208"
"I","false","false","false","false","17","68","27611219","knaller3","110"
"I","true","false","false","false","55","166","35447275","Ice Sword Shadow","207"
"I","true","false","false","false","0","224","29765207","Deádly","259"
"I","false","false","false","false","132","83","77531244","R1venno","118"
"I","false","false","false","false","64","148","21176559","Krílle","177"
"I","false","false","false","false","84","76","19265499","Super Sauerjin","93"
"I","true","false","false","false","11","135","51975141","Niebieski","182"
"I","true","false","false","false","157","237","32002878","Alpha 1v9","259"
"I","false","false","false","false","126","268","20677091","Vin Stuti","296"
"I","false","true","false","false","183","188","18976614","Anthrax Fuckboy","216"
"I","true","false","false","false","89","52","20228479","Lounet","77"
"I","false","false","false","false","120","54","36367505","Mądbôy","81"
"I","false","true","false","false","87","135","22310803","Jakke13","168"
"I","false","true","false","false","206","64","22492437","hi im mate","103"
"I","false","false","false","false","35","156","77170150","Γ Γ","188"
"I","false","true","false","false","220","138","21980488","BiggestMinion","180"
"I","false","false","false","false","16","88","22578734","Flodde","129"
"I","false","false","false","true","338","177","20074071","GaBaNo","220"
"I","false","false","false","false","100","147","23034439","Xz1stent","173"
"I","false","false","false","false","14","80","22762217","TommyJosefsson","112"
"I","true","false","false","false","0","153","37661703","Zehu Maspik LFT","206"
"I","false","false","false","false","204","112","24163157","xXfan2tuningXx","129"
"I","false","true","false","false","17","79","70497167","Pungkrossarn","118"
"I","true","false","false","false","412","84","42176118","HeaQQ","121"
"I","true","false","false","false","449","142","20366142","Djøula","174"
"I","false","false","false","false","54","106","80698932","Cuffles","170"
"I","false","false","false","true","131","399","41523185","Hadow","417"
"I","true","true","false","false","138","288","29242369","Desiru","341"
"I","false","true","false","true","250","277","48777143","Syrian Rapefugee","304"
"I","false","false","false","false","35","150","22187069","69 IQ Player","173"
"I","false","true","false","true","100","119","60506850","J A X L E","147"
"I","false","false","false","false","97","120","50840059","Avicii OP","142"
"I","false","false","false","false","164","190","157961","binet","211"
"I","false","false","false","false","21","144","24442952","Cycane","156"
"I","false","true","false","false","405","217","82289787","Ye Madooo","281"
"I","false","false","false","false","216","155","22901164","Peltikatto","190"
"I","false","false","false","false","68","67","24517010","Temari","89"
"I","false","false","false","true","201","199","41553879","Dark Dunamis","239"
"I","false","false","false","false","268","105","33147001","Abbedagge","128"
"I","false","false","false","false","122","55","43800383","LlDER","88"
"I","false","false","false","true","212","136","19322661","Mystogaan","166"
"I","true","false","false","false","0","235","43517161","MILLENNIUMSBARN","263"
"I","true","true","false","false","0","4","19019749","sacrefied","75"
"I","true","false","false","false","452","113","23278439","je suis kaas","149"
"I","false","false","false","true","49","159","27549186","Tolkin","180"
"I","false","false","false","false","114","57","21681171","Wunderwear","77"
"I","false","false","false","true","59","156","53668796","Alderiate","167"
"I","false","true","false","false","374","244","24804478","NaoGanMa","296"
"I","false","false","false","false","0","139","22922241","Klorofyl","169"
"I","false","false","false","false","144","353","19261642","dogshiit","370"
"I","false","false","false","false","156","68","19945255","Katare need a pc","90"
"I","true","true","false","false","0","78","29796815","Aini 1314  Owner ","101"
"I","false","false","false","false","173","49","56426830","Wh4tsThatSmell","81"
"I","false","false","false","false","15","144","30778059","Rojio","167"
"I","true","true","false","false","211","294","24248956","GA Toniaju","342"
"I","false","false","false","true","305","353","31318311","Jean Francois","388"
"I","false","false","false","false","166","84","37885228","Shïru ll","122"
"I","false","false","false","true","97","281","82298384","4G Mimic","348"
"I","false","false","false","false","147","197","25143800","notíce me","229"
"I","false","true","false","false","170","142","50717092","Khìxx","177"
"I","false","false","false","false","90","318","19404110","oledole","353"
"I","false","false","false","false","340","73","24050768","IE S4mpe","96"
"I","true","false","false","false","39","351","72507762","140iq","370"
"I","false","false","false","false","424","93","24610205","404 Broken Blade","122"
"I","true","true","false","false","151","225","77217085","lcs team pls","289"
"I","false","false","false","true","103","237","21532314","eMz Ninten2k","261"
"I","true","true","false","false","56","209","20143895","jappster","243"
"I","false","false","false","true","93","305","25569603","LegendOfNicky","352"
"I","true","false","false","false","0","47","27690482","Hentai","72"
"I","true","false","false","false","0","323","22565154","Eberkazak","347"
"I","false","true","false","true","72","412","18988326","tempname123","444"
"I","true","true","false","false","0","238","29481166","Hustenb00nb00n","260"
"I","false","false","false","false","32","104","23211835","GesusChrist","120"
"I","false","false","false","true","124","198","78298527","EdwardCarryLoL","223"
"I","false","false","false","true","176","231","22901273","NO REGRETS XD","243"
"I","true","false","false","false","142","293","28801548","kurwa jebana","325"
"I","false","false","false","true","40","96","23197739","As sailant ","110"
"I","true","false","false","false","86","102","21665092","Nisqyy","160"
"I","true","false","false","false","14","82","288087","WHOS THIS ANIMAL","160"
"I","false","true","false","false","140","103","21800660","Neeku760","118"
"I","true","false","false","false","453","491","22732109","Khawfang","574"
"I","false","false","false","false","0","144","71981555","CA NaMooS","174"
"I","false","false","false","true","74","365","51903602","xDragonKiller420","408"
"I","false","false","false","true","42","312","20667772","D3RK1NG155","328"
"I","false","false","false","true","116","262","46606923","Cosgaf v1","282"
"I","true","false","false","false","441","151","21215626","Bäle","182"
"I","false","true","false","false","379","144","21849367","Cârâ Dêlevingne","181"
"I","false","true","false","false","265","169","19291364","ObvlouS","200"
"I","false","false","false","false","58","169","32343532","Carbonated Water","195"
"I","true","true","false","false","295","109","20215808","iWendelbo","141"
"I","true","false","false","false","0","54","26431845","qt Sasuke","81"
"I","false","false","false","false","41","124","20324481","Genius Idiot","152"
"I","false","false","false","false","323","186","19431981","Kiregnu","211"
"I","false","false","false","false","344","141","22103886","Sedrion2","177"
"I","false","false","false","true","78","102","19464853","SuperJykä","133"
"I","false","true","false","false","231","90","31083248","Counter KR G0D","116"
"I","false","false","false","false","28","155","28924321","Lukce","173"
"I","false","false","false","false","144","346","22941744","TaIonlonfarm","367"
"I","false","false","false","false","23","36","60807555","Yamimash","70"
"I","false","false","false","false","21","75","19766547","Slemp","108"
"I","false","true","false","true","229","227","28197853","Sunnyyyyyyyyyyyy","257"
"I","false","false","false","true","162","215","79556966","go next","270"
"I","false","false","false","false","367","140","22325769","NaVi Saulius","180"
"I","true","false","false","false","0","73","20137187","Wèrto","93"
"I","false","false","false","true","0","127","234432","ShLàYa","140"
"I","true","false","false","false","209","198","31065627","Buff Tanks","250"
"I","false","false","false","false","55","118","46350463","SwordSnow","192"
"I","true","true","false","false","443","140","22940942","Markerr","173"
"I","false","false","false","false","0","275","24889333","SpeedPunch","291"
"I","false","false","false","false","132","80","21479192","supersej","102"
"I","true","false","false","false","40","199","20053332","Venzër","224"
"I","false","true","false","false","70","56","46588171","Drusalinka","73"
"I","false","false","false","true","218","218","23093679","ParadígmShift","240"
"I","false","false","false","false","2","55","25624282","TrashNouss","69"
"I","true","false","false","false","0","121","38767807","Farbror Svensson","152"
"I","false","false","false","true","135","264","19368156","Corpse7","292"
"I","false","false","false","false","35","83","23377946","GYARADOS REBORN","104"
"I","false","true","false","false","22","10","29943938","TwentyMinutes v2","39"
"I","true","false","false","false","0","309","43910586","Napolitana","329"
"I","false","false","false","true","83","79","31706978","Yähyä Hässän","123"
"I","true","false","false","false","0","88","21434547","PENTA Kekiz","107"
"I","false","true","false","false","423","196","27346255","0TuTu0","235"
"I","false","false","false","true","17","129","31530237","PeixeCozido","144"
"I","true","true","false","false","52","71","159250","RoX DimaJke","88"
"I","false","false","false","true","118","213","23314489","the astarte","229"
"I","false","false","false","false","211","208","20605205","OG Amazingx","224"
"I","false","false","false","false","270","80","28178524","SK SezzeR","108"
"I","false","false","false","true","181","276","27693694","Zaparapa","296"
"I","false","false","false","true","238","148","20986911","Greed2kk","191"
"I","false","false","false","false","24","127","22587236","ZaZeeXD","134"
"I","true","true","false","false","0","134","18997457","GentleSh1tter","161"
"I","false","false","false","false","72","62","31998228","CryoftheDragon","93"
"I","false","false","false","false","324","151","19467621","Crykee","175"
"I","false","false","false","true","151","287","19725816","DoubleAiM","306"
"I","true","true","false","false","96","125","38474063","Furuy","149"
"I","false","false","false","false","243","62","19931538","Shem3k","88"
"I","false","false","false","true","45","251","37884815","Virre","269"
"I","true","false","false","false","102","268","46834847","Aquachill","290"
"I","false","false","false","false","193","73","24509655","Saabyé","97"
"I","false","false","false","true","258","267","70038075","kakarottToT","295"
"I","false","false","false","false","263","33","20470802","Lolman07","60"
"I","false","false","false","false","45","345","28676948","E2G Dandyhno","362"
"I","true","false","false","false","250","109","70028107","Werlyb","152"
"I","false","false","false","false","17","51","79829697","tuturu ohayo","111"
"I","true","false","false","false","430","175","42925758","ArKaDaTa","220"
"I","false","false","false","false","184","68","39473783","Black Reap0r","92"
"I","true","false","false","false","100","207","23397630","bonjourtristesse","238"
"I","true","true","false","false","218","428","35476910","Suphoney","462"
"I","false","false","false","false","83","64","30513862","DonLourenço","90"
"I","false","false","false","false","0","77","61553109","CryXizz3l","126"
"I","false","false","false","true","448","208","42120158","FëarlessS","239"
"I","false","true","false","false","233","43","20050662","t4nkyy","71"
"I","false","true","false","false","275","300","79820764","GIA Pride","324"
"I","false","false","false","false","274","86","38584693","nigelf 33","116"
"I","false","false","false","false","132","169","79328616","Adulteration","197"
"I","false","false","false","false","117","92","24063520","Mìs","115"
"I","false","false","false","false","117","130","38657182","R Mood","152"
"I","false","false","false","true","292","128","22004902","53696e676564","165"
"I","false","false","false","false","338","160","22341096","TRC Jihadist jr","193"
"I","false","false","false","false","255","56","64112014","Boooooom","106"
"I","false","false","false","false","30","70","61560195","Dude Tactics EU","114"
"I","true","true","false","false","435","62","20951688","LEAGUEBORINGIMO","98"
"I","true","false","false","false","14","247","20817524","I lennart I","273"
"I","true","false","false","false","0","199","20908687","FTW Joo","204"
"I","false","false","false","true","126","431","19391649","r o k e n","455"
"I","false","false","false","false","137","45","21629484","Rellam","111"
"I","false","false","false","false","167","400","33717309","Only Angel","426"
"I","true","false","false","false","425","116","21112717","WhiteKnight108","158"
"I","false","true","false","false","50","97","22599025","SayksE Confysion","128"
"I","false","false","false","true","131","222","312107","Slyv3r","248"
"I","false","false","false","false","285","75","84377384","immovable object","125"
"I","false","true","false","false","77","117","18996410","Aesenar","149"
"I","true","false","false","false","28","145","34428877","rB Bwipo","159"
"I","false","false","false","false","97","484","19965912","Boss JustNo0b","517"
"I","true","true","false","false","57","363","41696364","Sardοche","377"
"I","true","false","false","false","12","84","31816820","nmmn","110"
"I","true","false","false","false","166","300","63347174","Braum otp","323"
"I","true","false","false","false","419","236","19828997","Alcagod","267"
"I","false","false","false","false","0","122","19093960","DudeSmile","152"
"I","false","false","false","false","176","66","23025743","Blooodlust","100"
"I","true","false","false","false","290","190","23555259","deIord","212"
"I","false","true","false","false","418","312","165708","Larssen Reborn","340"
"I","false","false","false","true","222","168","35538192","Kashtelan","196"
"I","false","false","false","false","218","54","79281180","Baby cat Rebecca","95"
"I","false","false","false","true","145","154","30479742","Juliuswp","177"
"I","false","false","false","false","149","184","70290668","GilleteAbdiAmk31","215"
"I","false","false","false","true","192","119","84327545","nice meta xD","130"
"I","false","true","false","true","398","226","24564437","Heiloo","258"
"I","false","false","false","false","0","125","33728919","sorry yuanyuan","163"
"I","true","false","false","false","0","73","22272483","DawidaZ","106"
"I","true","false","false","false","17","195","19307647","Krepo","219"
"I","true","false","false","false","103","214","32236653","LA TuTu Xiang","244"
"I","true","false","false","false","21","246","30856935","Russian Ranger","270"
"I","false","true","false","false","190","63","22207112","magicgx","95"
"I","true","true","false","false","0","37","19670314","Bobasko","53"
"I","false","false","false","false","400","83","19255550","SonictheBeast","118"
"I","true","true","false","false","89","238","18979052","sh1tlufi","277"
"I","true","false","false","false","0","154","34620693","EL RYZE CONGROO","180"
"I","true","false","false","false","149","143","52200066","KREPOx15YEAROLD","204"
"I","true","false","false","false","178","48","81198196","FNC Sp1rit","136"
"I","true","false","false","false","0","424","22264801","Ultimusss","452"
"I","false","false","false","true","220","150","38481593","Aini 1314   Miku","169"
"I","false","false","false","false","0","170","69867098","SzAmiK","187"
"I","false","false","false","true","27","166","25810839","lukyxu","169"
"I","false","false","false","false","176","44","19806326","MMushu","78"
"I","false","false","false","true","147","169","377426","LittlePwny","203"
"I","false","false","false","false","0","120","61287613","Armoured Dean ","150"
"I","false","false","false","false","281","75","25890785","Azehard","120"
"I","false","false","false","false","65","227","29912050","Mykilu","248"
"I","false","false","false","true","397","260","25747089","Goshuujinn","296"
"I","false","false","false","false","72","164","22610983","Majin ßlüe","183"
"I","true","false","false","false","16","172","24547741","El Cigala","198"
"I","false","false","false","false","220","118","81578124","RaccoonCat","157"
"I","true","false","false","false","3","440","46088149","Don Arts","497"
"I","false","false","false","false","308","155","30480956","WeAz SoRya","170"
"I","false","true","false","false","423","126","21309412","M Pretty","177"
"I","false","false","false","false","81","173","20281274","Shadino","205"
"I","true","false","false","false","262","91","36928957","subway","205"
"I","false","false","false","false","180","232","20577088","Pain StevenDX","261"
"I","false","false","false","false","0","59","70629333","NNNayru","76"
"I","true","false","false","false","0","175","69446897","Toxický Kokot","188"
"I","true","true","false","false","81","318","38462877","Frostguard","345"
"I","false","true","false","false","48","55","34031090","Mightyriku","97"
"I","false","false","false","false","25","245","72527403","MMR Viy","264"
"I","true","false","false","false","14","294","63376849","holy pipi","332"
"I","false","false","false","false","137","110","53367107","EnvenomdErediael","137"
"I","false","false","false","false","24","47","37617929","cccc","67"
"I","false","false","false","false","128","71","46832484","nB Se7en","96"
"I","false","false","false","false","96","201","24049987","IE Silphi","208"
"I","false","false","false","true","178","168","22635849","Lord xani","196"
"I","true","false","false","false","0","225","19213251","animal jungle","250"
"I","false","false","false","false","405","168","20101413","SUP Thaldrin","208"
"I","false","false","false","true","122","202","23468121","Cherrie Pew Pew","234"
"I","false","false","false","false","191","149","36881972","Evanz x","183"
"I","true","false","false","false","73","138","83587109","RichBB","241"
"I","true","false","false","false","32","154","27427408","TSM TrAce","191"
"I","false","false","false","false","113","64","22981447","TcG xBeezT","91"
"I","true","true","false","false","0","242","22144659","Swagolas","282"
"I","false","false","false","false","66","291","29696358","DannieBoy","324"
"I","false","false","false","false","272","68","28396893","Energy IceCold","93"
"I","false","false","false","false","33","73","36156985","LoveisaBaDidea","99"
"I","false","false","false","true","303","155","25232046","G2 Hybrid","184"
"I","false","false","false","false","148","294","22107301","Guarding You","327"
"I","false","false","false","false","406","196","20447611","776667666677777","239"
"I","false","false","false","false","184","235","24066628","Fleeting v1","270"
"I","false","false","false","false","92","310","32130527","Neph kun","347"
"I","false","false","false","false","240","107","23330771","Krogh sen","143"
"I","false","false","false","false","14","44","55776887","ANB S1GNIFICANT","69"
"I","false","false","false","false","126","219","19642904","azerty1","239"
"I","true","false","false","false","379","225","27493865","CuIImann","266"
"I","false","true","false","true","102","111","49539925","nofas","134"
"I","true","false","false","false","20","98","19766583","Kirrrra","121"
"I","false","false","false","false","0","150","20060316","ASUS ReventXz","162"
"I","false","false","false","true","261","218","80326959","Legions v1","249"
"I","false","false","false","true","199","152","28254456","J E N A X","186"
"I","true","false","false","false","0","187","52401958","GG Teddy","220"
"I","false","false","false","false","125","91","78066888","Hot Grill IRL","116"
"I","false","false","false","false","12","73","29322586","Binow","93"
"I","false","true","false","false","134","154","23441464","X Y Q","167"
"I","false","true","false","true","65","106","22116387","Oraklet","130"
"I","true","false","false","false","0","148","26539953","PainT","186"
"I","false","false","false","false","420","200","40956931","MLG Glebo HLTV","234"
"I","true","false","false","false","0","145","28190357","NoWay4youx3","163"
"I","true","false","false","false","70","81","33490609","Ariel","130"
"I","false","false","false","false","140","209","59054","Zonar","247"
"I","false","false","false","false","64","115","19292502","Rayezor","140"
"I","true","false","false","false","15","293","76468309","Bociej","326"
"I","false","true","false","false","14","218","44588412","TheMinzCon","281"
"I","false","false","false","true","165","343","20779248","Jiissee","360"
"I","false","false","false","false","89","116","30926997","Best Tactics EU","135"
"I","true","false","false","false","0","71","38001603"," Mámokoç","99"
"I","false","false","false","false","228","106","42829492","HosaN","157"
"I","true","true","false","false","15","228","32401","Mygdalas","254"
"I","false","false","false","false","29","18","52133828","Slinkk1337","74"
"I","true","false","false","false","16","136","21914329","Saôtome","183"
"I","false","false","false","false","156","94","23623528","Yazmatti","111"
"I","false","false","false","true","72","131","77327212","Jebsu","181"
"I","false","false","false","false","305","72","80777020","pND10","101"
"I","false","false","false","false","178","63","26470515","Sn1pe3own","92"
"I","true","false","false","false","171","185","20814554","BKN Diamond","212"
"I","true","false","false","false","101","227","20559494","IE Shoami","237"
"I","false","false","false","true","248","197","68638287","qwertztrollmnklc","236"
"I","false","false","false","false","85","343","20671371","Munckizz","385"
"I","false","false","false","false","267","44","31694870","InF Nerroh","80"
"I","true","false","false","false","121","91","67652915","arizers87","113"
"I","false","false","false","false","411","73","20323336","M masterwork","101"
"I","true","true","false","false","0","189","18995305","Easi","247"
"I","false","false","false","false","65","44","20981598","Crackdog","67"
"I","true","false","false","false","127","286","21922997","Stierlitz","307"
"I","false","false","false","false","126","127","34591467","DouradaGrelhada","177"
"I","false","false","false","false","221","70","30817060","Keduris","96"
"I","false","false","false","false","325","69","30657524","FNC 3","89"
"I","false","false","false","false","74","267","25572367","SirBerlinStyle","283"
"I","false","true","false","false","138","80","43264432","Protoman EXE","105"
"I","false","false","false","false","0","38","19652285","ANB Fr0m 0 2Her0","59"
"I","false","false","false","false","87","204","70199006","lossiestphantom","231"
"I","true","false","false","false","16","218","24312189","WWWWWMWWWWWWWWWW","254"
"I","true","false","false","false","181","290","21713277","Forsaken","314"
"I","false","false","false","true","233","118","19210645","Sharkked","140"
"I","false","false","false","false","29","65","78376873","Equilibríum","84"
"I","false","false","false","false","319","100","28567157","Shïru l","127"
"I","false","true","false","false","268","314","20227321","cìnkrof","344"
"I","true","false","false","false","429","319","19088162","ASUS ElOjoNinja","359"
"I","false","false","false","false","26","174","67077416","labrov","200"
"I","false","false","false","false","76","93","44161005","ecetulle","118"
"I","false","false","false","false","217","95","21708997","FedCommeJamain","114"
"I","false","false","false","true","74","154","21604393","JSica","169"
"I","true","false","false","false","0","55","56987306","Areo Hotah","81"
"I","false","false","false","true","16","225","39992544","GrosBill Wydz","233"
"I","false","false","false","false","114","43","31532886","Captain Orakah","62"
"I","false","false","false","false","299","129","62755332","Danish Mid","166"
"I","false","false","false","false","21","109","39447055","Zdenon","136"
"I","false","false","false","false","0","169","25586040","WILL SÂLAS","197"
"I","false","false","false","true","147","100","41247197","HUSKSUPPE","115"
"I","true","true","false","false","0","111","21491909","GetDeleted","135"
"I","false","false","false","false","85","129","21841134","Prologie","198"
"I","false","false","false","false","54","330","27278725","Paolocannone","360"
"I","false","true","false","false","186","203","65176958","Toxic Raven","235"
"I","false","true","false","false","110","67","30134648","WilIiam","94"
"I","false","false","false","false","173","108","35223899","Yung Marshmallow","138"
"I","false","false","false","false","182","206","21154403","Kouraz","226"
"I","false","false","false","false","93","43","30160678","kinkycobrahx","75"
"I","false","false","false","false","157","110","20154197","iQG Many","138"
"I","false","false","false","false","31","178","46036820","InfréX","211"
"I","false","false","false","false","77","147","20866525","H0MßR3","172"
"I","false","false","false","false","41","344","19177792","HawkDon1","372"
"I","false","true","false","false","396","62","58717497","ROCCAT Airwaks","88"
"I","false","false","false","false","63","142","29548488","Ankan","167"
"I","false","false","false","false","1","63","62576934","G0GiK","94"
"I","false","false","false","false","393","165","35417098","Hl im Anders","204"
"I","false","false","false","true","91","117","72507456","BJK Immortoru","145"
"I","false","false","false","false","208","39","19550899","Moon of Holo","76"
"I","false","false","false","false","73","54","104755","WolIe","76"
"I","false","false","false","false","327","77","24415613","nDG NRG","99"
"I","false","false","false","false","151","108","72152819","Stiles","129"
"I","true","false","false","false","69","197","22481879","5KareL5","228"
"I","false","false","false","false","301","228","34566278","Riversid","283"
"I","false","false","false","false","364","262","25532701","UOL Hylissang","289"
"I","false","false","false","false","31","131","23123528","I love Michette","144"
"I","false","false","false","false","239","189","75166943","llIIlIIllIlI","222"
"I","false","false","false","false","369","50","70038069","DunJiro","82"
"I","false","false","false","false","0","94","70937230","LetsNotFalInLov3","160"
"I","false","false","false","false","342","36","21310977","Zeitnot","59"
"I","false","false","false","false","109","115","24495659","Cougar Eledion","133"
"I","true","false","false","false","436","99","26316897","UOL Vizicsacsi","115"
"I","false","false","false","false","29","129","26217147","SirBerlin","187"
"I","true","false","false","false","25","182","51628250","nuff","205"
"I","true","true","false","false","226","45","21987743","Dàhaka","71"
"I","true","false","false","false","0","173","20988598","Xeäther","199"
"I","false","false","false","false","67","41","27410098","Extrovert Cat","63"
"I","true","false","false","false","0","227","21711272","bellamy","297"
"I","false","false","false","false","151","90","24315687","AI Sunbro","118"
"I","false","false","false","false","40","128","27634736","Mad About My Adc","151"
"I","false","false","false","true","288","138","20133522","Adc Dog","166"
"I","false","false","false","false","309","73","19673273","RG Arteemo","112"
"I","false","false","false","false","264","74","20722636","Stàn","105"
"I","false","false","false","false","16","265","21134639","nunak","289"
"I","false","false","false","false","175","92","34582614","Ayy Lmaoam","120"
"I","false","true","false","false","106","103","70037375","Trixucator","122"
"I","false","false","false","false","163","203","49756846","Tilt Overlord","243"
"I","true","false","false","false","174","147","21394274","OKS Wouzzunks","193"
"I","false","false","false","false","336","103","23657352","Sammey","140"
"I","true","false","false","false","17","434","19504067","EG EasyFreezy","484"
"I","false","false","false","false","19","175","19543950","CG Cheezy","197"
"I","false","false","false","false","0","44","30450198","PhD in SlitNecks","64"
"I","false","false","false","false","102","99","45963429","Plumbèr","118"
"I","false","false","false","false","18","340","20116275","Vanelle v1","373"
"I","false","false","false","false","179","70","220354","urbizord","85"
"I","false","false","false","false","156","40","63337108","EdìnPriqtel","66"
"I","false","false","false","true","54","248","20491664","Clown Sky","285"
"I","true","false","false","false","58","177","21990601","Choka","197"
"I","true","false","false","false","18","90","64447197","merioMID","132"
"I","false","false","false","true","279","149","28968939","monk smurf","182"
"I","false","false","false","false","242","168","76767144","ROX Starscream","191"
"I","false","false","false","false","9","224","27045912","SFD Inition","256"
"I","false","false","false","true","2","181","23556507","nDG Sharp","193"
"I","true","false","false","false","0","322","40957177","REFORMED h7","354"
"I","false","false","false","false","68","67","21579899","Blasting","91"
"I","false","false","false","false","73","148","120909","Tìdus","169"
"I","false","true","false","true","212","86","53838442","DarudeCrowstôrm","107"
"I","false","false","false","false","0","140","37679193","Daébak","168"
"I","false","true","false","false","261","14","72830585","90878UG","73"
"I","false","false","false","true","267","238","37916855","eMz Falcon","263"
"I","false","true","false","false","164","103","33707284","Swedish Feeder","131"
"I","true","false","false","false","27","73","38307264","wow its Madsi","135"
"I","false","false","false","true","246","316","20778901","Gentle Terseras","349"
"I","false","false","false","false","32","172","43747964","Goldbiscuit","189"
"I","true","false","false","false","376","129","23842678","Reeker Gremory","153"
"I","false","true","false","false","61","273","21997776","iQG Careless","295"
"I","true","false","false","false","124","327","19798647","Kîríto","362"
"I","true","false","false","false","19","68","31436877","HUTCHINSON","114"
"I","false","false","false","false","0","183","49048861","JustForFunDai","260"
"I","false","false","false","true","359","356","22422778","Dan Dan DoubleD","411"
"I","false","false","false","false","45","260","30145866","Bolvar Wondragon","282"
"I","false","true","false","false","17","111","22558209","AtraX CounterG0d","127"
"I","false","false","false","false","175","91","44763233","Elluu","130"
"I","true","false","false","false","0","173","22245487","C Class Hero","201"
"I","false","false","false","false","63","442","36077654","I SenSen I","481"
"I","false","false","false","true","229","69","20912160","KING OF MONEY","107"
"I","false","true","false","false","249","65","64457020","357198271","87"
"I","true","false","false","false","68","152","19122179","Sawyor","177"
"I","true","false","false","false","29","278","70577200","DarKFreeZe","307"
"I","true","false","false","false","214","274","22220945","Kgerie","294"
"I","false","false","false","false","32","72","19175551","Kellôgz","91"
"I","false","false","false","true","63","115","21119225","Chinà","137"
"I","true","false","false","false","0","350","19601757","Arta","382"
"I","false","true","false","false","68","75","32168178","The Red Banana","100"
"I","false","true","false","false","90","84","29700118","Kyrîel","111"
"I","false","false","false","true","153","297","21983010","Heatz xD","319"
"I","false","false","false","false","0","140","19264473","Jhen Mohran","150"
"I","true","true","false","false","113","300","43782353","xNever","332"
"I","true","false","false","false","0","289","82346829","justfarfun","307"
"I","false","false","false","false","75","113","65227261","AmadeuszTD","143"
"I","false","false","false","true","395","102","41226905","telNN","132"
"I","true","false","false","false","31","225","73296903","Lejena","274"
"I","false","false","false","false","75","131","29342614","Cut in my Butt","204"
"I","false","false","false","true","0","218","42035133","TraYtoN","235"
"I","false","false","false","false","16","295","27497883","Cpt Curian","318"
"I","false","false","false","false","83","88","19623069","Freestyler147","102"
"I","false","false","false","false","232","179","63347458","Phantom Death","210"
"I","false","false","false","false","81","66","63722130","Punks123","153"
"I","true","true","false","false","0","336","33963413","Papaooo","361"
"I","false","false","false","false","16","172","381823","E corp Mortigus","209"
"I","false","false","false","true","317","136","58266868","IRON MAN IRL","169"
"I","false","false","false","false","323","83","20244156","xQe","132"
"I","false","false","false","false","128","127","20399379","Amades","152"
"I","true","false","false","false","9","184","68817240","Captain Curian","253"
"I","false","false","false","false","96","112","32173399","grey touch","125"
"I","true","false","false","false","357","244","32131358","DFHKODHDJIHFDJI","284"
"I","false","false","false","true","173","308","22392945","Eltore","384"
"I","false","false","false","false","258","364","20750951","TurntheSlayer","406"
"I","false","false","false","false","0","218","20192390","Rito PIes","254"
"I","false","false","false","false","69","200","22130033","FaMeQui","230"
"I","false","false","false","false","268","61","69868140","OwOOvOOwO","127"
"I","true","true","false","false","20","64","84709278","WAKEMEUPINSlDE","112"
"I","true","false","false","false","75","316","19275213","Broeki","344"
"I","false","false","false","true","212","299","79587054","I n B","339"
"I","true","true","false","false","17","55","287686","Marcususu","86"
"I","false","false","false","false","361","78","44697045","Végaard","100"
"I","false","false","false","true","289","115","65218006","Kocham Solo Que","151"
"I","true","false","false","false","14","41","32281321","Voyna","71"
"I","false","false","false","false","66","181","21285859","Khyriel","199"
"I","false","false","false","false","204","164","19972606","Bakuażan","194"
"I","false","false","false","false","250","46","20492973","Médiocre Player","64"
"I","false","false","false","false","26","113","24133404","ιι Δv 3 c e S ιι","135"
"I","false","false","false","true","147","105","25948857","WERLYB CARRY YOU","115"
"I","false","true","false","false","276","30","43516798","EA Emuzio","65"
"I","false","false","false","false","93","309","20328469","Lorky","345"
"I","true","false","false","false","56","163","20968889","Xortron","197"
"I","false","true","false","false","138","319","34428433","ASUS RafaL0L","341"
"I","false","false","false","false","62","52","35799833","Bobman07","68"
"I","false","false","false","false","22","84","41237274","Reldray","104"
"I","false","false","false","false","14","96","33237065","xHuntz","116"
"I","false","false","false","false","206","83","40852285","Zookeeper Saiyon","110"
"I","true","false","false","false","45","279","43262128","TNC VLAHOGIANNIS","306"
"I","false","true","false","false","259","89","34149150","Hi Im Waldan","120"
"I","false","true","false","true","122","406","35917998","buff adcs plz","426"
"I","true","true","false","false","0","351","21996523","arxes","376"
"I","false","false","false","false","277","305","22925602","enjoygame","343"
"I","false","false","false","false","247","337","77186833","OOOOOOOO99TTTTTT","355"
"I","true","false","false","false","0","287","19268008","PDRSNN","320"
"I","true","false","false","false","0","73","20042509","LFT  WarForc3","86"
"I","false","false","false","false","32","311","42184215","spikyezz","334"
"I","false","false","false","false","19","263","286606","Naliusz","301"
"I","false","false","false","true","52","226","21580625","Jebeni Tuljan","262"
"I","false","false","false","true","175","188","20991352","huti","210"
"I","false","false","false","false","45","5","19234243","JTRippeRxX","55"
"I","true","true","false","false","441","36","282453","Puki style","72"
"I","false","true","false","false","128","214","38510066","Draobwyn","246"
"I","false","false","false","false","387","93","31747027","v Cabo","136"
"I","false","false","false","false","250","113","20783177","KatataBiceps","136"
"I","false","true","false","true","110","158","19410257","GrosBill Ylum","174"
"I","false","false","false","false","16","89","45216792","Dulcet Rival","113"
"I","false","false","false","false","59","158","72507232","FF20plsty","179"
"I","false","false","false","false","284","53","33037228","GIA Treatz","79"
"I","true","true","false","false","443","133","19783349","CLG Tiooo","165"
"I","true","false","false","false","0","178","21161638","HurensohnKopf827","196"
"I","false","false","false","false","19","71","31054322","nicolas9121","100"
"I","false","false","false","false","300","92","20350141","Toastman134","116"
"I","false","false","false","true","320","161","26717292","piaoliang","195"
"I","true","false","false","false","87","69","35097272","ArKaDaTaEditing","110"
"I","false","false","false","true","391","117","52230157","MrRalleZ v2","148"
"I","true","false","false","false","0","176","23291699","xAifu","199"
"I","false","false","false","false","37","116","65227634","GIA Smittyj","170"
"I","false","false","false","false","50","219","24237375","pain rikoduo","249"
"I","false","false","false","false","141","64","21030702","Sun of Dragon","86"
"I","true","false","false","false","21","57","21609001","LCL LEVEL AD","96"
"I","false","false","false","false","131","228","24256529","Jaysuz","258"
"I","false","true","false","false","51","332","32480256","Hallohihi","375"
"I","false","false","false","false","53","49","23283282","TC WarLord Sero","91"
"I","false","false","false","false","347","56","72527589","TheBausffs","86"
"I","true","false","false","false","0","311","22077555","Rekt0r","336"
"I","false","false","false","false","70","109","20916591","TellMeYourWish","128"
"I","true","false","false","false","0","24","81395284","315418512","70"
"I","false","false","false","true","43","136","25254485","Vizility","161"
"I","false","false","false","false","75","392","28039829","UG Daydans","441"
"I","false","false","false","false","126","116","28944895","beansu","132"
"I","false","false","false","false","60","59","81576961","OTP Lulu","71"
"I","false","false","false","false","200","106","20202800","dPix Pride","136"
"I","true","false","false","false","89","224","28026195","AlternativeX","248"
"I","false","false","false","false","13","62","60310724","FK namn","120"
"I","false","true","false","false","45","80","62437125","EA Imbi","101"
"I","false","false","false","false","70","88","78727224","Boroppi","110"
"I","false","false","false","false","138","302","31657602","BTG Kimbo","329"
"I","true","false","false","false","408","152","21193722","LoneTest v2","199"
"I","false","false","false","true","41","98","19715237","CA Wicky","114"
"I","false","false","false","false","159","362","27339314","NOXUS Spartan","393"
"I","false","false","false","false","2","216","29812698","Aziado Senpai","229"
"I","false","false","false","true","163","117","31591164","jbsv","132"
"I","false","false","false","false","86","105","19331582","Gripex","117"
"I","false","false","false","false","5","376","30907009","Pawky","394"
"I","true","false","false","false","0","107","34932127","Oenhit","139"
"I","false","false","false","false","153","137","19987360","SUP fabFabulous","162"
"I","true","false","false","false","408","90","24364481","Sir NoWay4u","109"
"I","false","false","false","false","354","45","31788042","Blast v1","79"
"I","false","false","false","false","179","248","31731973","Ivanetix","281"
"I","false","false","false","false","198","131","71347127","Cboi","161"
"I","false","false","false","false","14","106","24238589","just unexpected","117"
"I","false","false","false","false","61","125","30787757","The  Chucknorri","145"
"I","false","false","false","false","69","68","40174232","DarkSide IV","85"
"I","true","false","false","false","160","138","254943","Y51210235T418","203"
"I","false","false","false","false","145","251","22029962","Prophet l","298"
"I","true","false","false","false","440","120","27550839","mute all min 0","150"
"I","false","false","false","false","89","110","127384","ESG Intox","126"
"I","true","false","false","false","0","212","62597246","Nàtsü","231"
"I","false","false","false","false","146","261","19889228","Targamas","280"
"I","false","false","false","false","150","78","23266654","Navì Lasagna","96"
"I","false","false","false","false","0","199","24122997","eXo Chr1Z","221"
"I","false","false","false","false","15","54","44372931","Jang Min Chul","80"
"I","false","false","false","false","14","97","21281952","GodShanX","123"
"I","false","false","false","true","226","245","49251587","MadnessCalling","303"
"I","false","false","false","false","42","290","22221330","Crimson Θ","319"
"I","false","false","false","true","179","304","21546764","xidi v2","330"
"I","false","false","false","false","243","78","57287380","Sexy Grill Rudy","103"
"I","false","false","false","false","278","83","35617083","Kyösti Babatunde","116"
"I","true","true","false","false","83","180","29742905","GetCrazy","209"
"I","false","true","false","false","33","79","38719391","Lumi v1","99"
"I","false","true","false","false","0","174","22683386","BJK Rawbin IV","190"
"I","false","false","false","false","1","132","34520974","SHPEKLEKIGG","159"
"I","false","false","false","false","15","73","52856846","heliolite","97"
"I","false","false","false","true","199","120","56248454","mouz Wardain","178"
"I","false","false","false","false","44","143","44747167","It Ends Hërë","167"
"I","false","false","false","false","120","115","29179187","RebQQB","176"
"I","false","false","false","false","9","130","24061121","Imagine lft","155"
"I","false","false","false","false","25","164","52271276","Wayn3 Babe","226"
"I","false","false","false","false","39","156","41518246","Vega Drobovik123","179"
"I","false","false","false","false","15","98","43905450","SelfMutilator420","129"
"I","true","true","false","false","51","196","22227415","Stingèr","213"
"I","false","false","false","false","12","36","37792017","Exècute Face","66"
"I","false","false","false","false","13","73","26307049","cool guy xD","107"
"I","false","false","false","false","349","201","20110023","Unemployed Zvene","233"
"I","false","false","false","false","98","143","20091589","Meckii","172"
"I","false","false","false","false","81","193","32737872","Nerevarine","230"
"I","true","false","false","false","42","167","44414","Doktor Knugen","200"
"I","true","false","false","false","204","244","23475747","ESC Locaal","301"
"I","false","false","false","true","287","181","19096814","AtraX DrMatt","212"
"I","true","false","false","false","0","174","28817099","Sir Arobynn","203"
"I","false","false","false","false","123","124","20398981","ROCCAT Betsy","155"
"I","false","false","false","false","22","21","46699157","JellyBêlly","49"
"I","false","false","false","true","399","190","31598742","Deadmanoob","230"
"I","true","true","false","true","163","170","47257274","asperusual","209"
"I","false","false","false","true","260","82","42808417","HHeaQ","107"
"I","false","false","false","true","71","135","20797233","LAMA Mactor","151"
"I","false","false","false","false","62","122","23277181","SuperiorXemnas","151"
"I","true","false","false","false","0","285","24061863","How To Get Rekt","312"
"I","false","false","false","false","128","100","20477363","Udyr May Fire","180"
"I","false","false","false","false","213","420","21158361","dPix GoldenGod","446"
"I","true","false","false","false","410","182","20252937","Zimolico","224"
"I","false","false","false","false","253","109","40615928","Thé Exiled Two","128"
"I","false","false","false","true","335","91","44737244","Sui Wen","128"
"I","false","false","false","true","229","137","18995872","SPIN kev1nTV","163"
"I","false","false","false","true","157","259","26656911","Emtest","277"
"I","true","false","false","false","2","37","19142270","CW Freeze v2","56"
"I","false","false","false","true","260","173","36807499","TitaniumFang","199"
"I","false","false","false","false","27","69","66623235","alottlebitfed","100"
"I","false","false","false","false","14","68","20909157","Owên","88"
"I","false","false","false","false","94","82","23388196","lot to learn","102"
"I","true","false","false","false","0","71","44435008","Nakes","96"
"I","false","false","false","false","193","45","52228054","lIlIllIlIlIllIlI","70"
"I","false","false","false","false","257","121","36091381","Gentle Bloody","154"
"I","false","false","false","false","123","278","62577494","Azitor","319"
"I","false","false","false","false","11","96","76256872","roleplayer 404","132"
"I","false","false","false","true","273","413","21619015","Torndykartorgny","462"
"I","false","false","false","false","67","118","51586827","iWildPanda","138"
"I","false","true","false","false","261","232","23483486","Deathrip","264"
"I","false","false","false","false","223","59","43224376","IHeIios","87"
"I","false","false","false","true","130","182","21038122","GMB BloodFenix","205"
"I","false","true","false","false","307","197","20650067","Ghost Artanis","257"
"I","false","false","false","false","44","29","32167608","Solar Bear","49"
"I","false","false","false","false","49","58","33839698","Introvert Cat","82"
"I","false","false","false","false","78","97","19028443","Cancer or Ebola","123"
"I","false","true","false","false","267","131","23345664","kelmu","164"
"I","false","false","false","true","172","163","20194536","Ripqq Mcfreezt","186"
"I","true","false","false","false","21","110","19673265","Zoh4n","202"
"I","true","false","false","false","0","283","58667419","Skill v1","305"
"I","false","false","false","true","9","108","80249357","NoWayDiaRush","129"
"I","false","false","false","true","213","118","26428247","Acs OXO","147"
"I","true","false","false","false","160","70","85597167","RAKOWE EUNE","143"
"I","true","false","false","false","347","305","36617720","udaQ","337"
"I","false","false","false","false","163","69","19889596","Fr0zenTurtle","97"
"I","false","false","false","false","35","101","20520869","Eldwin","135"
"I","false","false","false","false","56","49","41518975","Cecilie","72"
"I","true","false","false","false","3","158","70290744","Jeffrey Lin","180"
"I","true","false","false","false","0","90","21240737","UOL Sheepy","133"
"I","false","false","false","false","157","144","81577112","Qiao Gu Uzi","172"
"I","false","false","false","false","132","131","40269329","ECCENTRIC Linx","153"
"I","true","true","false","false","27","16","71346874","jajajajajjajajaj","41"
"I","false","false","false","true","195","166","83167189","Astrobleme","202"
"I","false","false","false","false","0","403","81426683","srry m8 ur muted","426"
"I","false","true","false","false","37","139","22442429","KRPs","163"
"I","false","false","false","false","363","68","32397119","Atombomben","91"
"I","false","false","false","false","0","180","33625977","Zathiron","209"
"I","false","false","false","false","39","268","20889748","iH8 DynamiQQ","291"
"I","false","false","false","false","177","53","28822561","BaIIsZac","75"
"I","false","false","false","false","31","88","29129027","Remsos","132"
"I","false","false","false","false","0","88","29187112","xFinality","107"
"I","false","false","false","true","269","173","29776827","ESG MagiFelix","207"
"I","true","true","false","false","61","118","31711391","SneakerDead","146"
"I","false","false","false","false","246","102","31500285","BKN Sanchez","122"
"I","false","false","false","false","21","77","46496983","Tabaqiu","105"
"I","false","true","false","false","309","165","19926370","DumblenDumbretto ","197"
"I","true","false","false","false","0","68","23487304","Hidden Frequency","80"
"I","false","false","false","false","375","91","42359083","Luntar of Thar","128"
"I","false","false","false","true","75","227","19338119","Wrâth","251"
"I","false","false","false","true","69","90","19470079","CG BoffeN","111"
"I","false","false","false","false","146","174","73687214","black touch","201"
"I","false","false","false","false","15","60","77977380","StaffaDylanz","89"
"I","true","true","false","false","71","16","85128553","N1ghtingäle","69"
"I","false","false","false","false","0","64","20625475","GodDragön","78"
"I","false","false","false","false","99","91","43859883","B00SH","122"
"I","false","false","false","false","120","158","35452243","TZeeD","180"
"I","false","false","false","false","27","83","35637392","Falkazo","101"
"I","false","false","false","false","0","198","22880311","Capsized","218"
"I","false","false","false","false","115","148","60457021","RoT Leopard","174"
"I","false","false","false","false","90","74","32239191","RofG","102"
"I","false","false","false","false","39","106","30001729","Dynasty","129"
"I","false","false","false","false","269","160","70648522","Elysion is a Dog","191"
"I","false","false","false","false","71","62","36778729","ChrisTFer","90"
"I","false","false","false","false","287","49","25376913","ShoMG","79"
"I","false","false","false","false","155","64","20021599","Flame On LFT","88"
"I","false","false","false","true","298","117","21009694","Elysion is a God","141"
"I","false","false","false","false","23","113","113059","GCS Graouw","154"
"I","true","false","false","false","14","151","21109620","Dorís","172"
"I","false","false","false","false","87","113","27481701","MuteAllFullFocus","132"
"I","true","false","false","false","207","100","23865193","Hulberto","121"
"I","false","false","false","false","42","150","71787500","junglΣrLFTLCS","189"
"I","true","false","false","false","447","72","23436923","OG PowerOfEvil","113"
"I","false","true","false","false","140","80","70028102","Goddags","105"
"I","false","false","false","false","60","66","22326833","Razt","94"
"I","true","false","false","false","0","178","29913423","Gnaffo","200"
"I","true","false","false","false","39","175","31023581","TemPTiicKK","216"
"I","false","true","false","true","166","102","207174","M Kaze","121"
"I","false","false","false","true","299","415","61666828","TynX Hansen","473"
"I","true","false","false","false","0","72","73886807","Aux v2","101"
"I","false","false","false","true","83","249","23267851","CG Quixeth","253"
"I","false","false","false","false","287","126","35433650","Enigma Svikter","147"
"I","false","false","false","false","116","193","20470288","PGM IskeN","220"
"I","false","false","false","false","174","120","38031670","Sharpx","191"
"I","false","false","false","false","40","50","50416859","Pink Eyeball","72"
"I","false","false","false","true","43","113","51541829","Feedzilla2010","129"
"I","true","true","false","false","0","151","50997284","Thorasine","172"
"I","false","false","false","false","113","202","34152319","TheMadSiontist","255"
"I","false","false","false","false","350","67","19418102","QQ5","90"
"I","false","false","false","false","143","22","19084109","B30wulf","75"
"I","false","false","false","false","75","31","18978257","MoriensSGD","83"
"I","false","false","false","false","0","107","32112356","PANDAS FatNinJA","136"
"I","false","false","false","true","128","367","53116940","BoyToy Jackie","399"
"I","true","false","false","false","18","74","33240593","ErikUng","104"
"I","false","true","false","false","211","139","42808494","CA Koze","185"
"I","false","true","false","false","283","100","19363475","Bardcode","144"
"I","false","false","false","false","0","64","46463250","Linsf","104"
"I","false","false","false","false","74","125","21668537","trickett","142"
"I","false","false","false","false","39","81","20465081","Merlo Gaming","104"
"I","false","false","false","false","16","39","19483185","UDOBOT Never1de","64"
"I","true","false","false","false","118","288","69487768","Sairoxadi IV","354"
"I","false","false","false","false","3","137","41528573","ryubatto1","173"
"I","true","false","false","false","70","226","23582671","Evìl","260"
"I","true","false","false","false","447","92","20220272","Christofferos","132"
"I","false","false","false","false","35","51","62587117","Noel97","69"
"I","true","false","false","false","11","158","24204749","PiOkyO","223"
"I","true","false","false","false","396","129","26211577","nDG Cuctus","159"
"I","true","false","false","false","0","420","44511565","Sac à Dos","465"
"I","false","false","false","false","18","100","41018039","Xalie","137"
"I","false","false","false","false","351","142","20480030","SK Unlimited","177"
"I","true","true","false","false","0","128","42726861","Dragon Slayer","161"
"I","true","false","false","false","75","90","73297023","mtyy","191"
"I","false","false","false","false","0","67","20318609","lllllllIlllllll7","110"
"I","false","false","false","false","24","70","81576974","Damn ThaT MonkeY","105"
"I","true","true","false","false","0","165","21868188","C9 Macscrue","199"
"I","false","false","false","false","181","320","22062573","Darlik","354"
"I","false","false","false","true","417","121","21949422","oko usta oko","162"
"I","false","false","false","true","193","289","34518587","Pain imaK","319"
"I","true","false","false","false","0","25","20820358","Sofyan","56"
"I","true","false","false","false","44","19","85987189","verse gelekaas","46"
"I","false","false","false","true","109","230","22246482","ydeepS","255"
"I","false","true","false","false","34","55","19080605","SPY Gripex","76"
"I","true","false","false","false","16","243","32060475","DMG Rubén","273"
"I","true","false","false","false","49","87","85577582","jNy0r","123"
"I","true","false","false","false","0","123","35717617","Luslehk","150"
"I","false","false","false","false","325","28","73687139","EL Baker","67"
"I","true","false","false","false","275","260","42287489","EREN IN KFC","297"
"I","false","true","false","false","426","102","19146822","Blast carry","126"
"I","true","false","false","false","0","94","20353852","Symbios","113"
"I","false","false","false","false","118","83","35682532","xTyLk v1","106"
"I","false","false","false","true","211","134","29216004","Glidarn","165"
"I","false","false","false","false","79","46","76679143","CURSED BRONZE XD","80"
"I","false","false","false","false","1","250","40826941","CuteStone","276"
"I","true","false","false","false","40","276","41529116","iKxeight","300"
"I","false","false","false","false","170","154","21950168","AoD IV","174"
"I","false","true","false","false","52","191","30076580","féelsboostedman","222"
"I","false","false","false","false","74","68","20666155","IS1b06abda0ea5bc","103"
"I","false","true","false","false","20","124","41658965","Blattförster","149"
"I","false","false","false","false","103","50","20269411","Malayä","66"
"I","false","false","false","false","195","77","23212078","zicorufus","99"
"I","false","false","false","true","68","133","19039693","urgodlike trynd","154"
"I","false","false","false","false","0","107","22945500","Tolkenn","129"
"I","false","false","false","false","348","120","44424442","AtraX Brìzz","156"
"I","false","false","false","false","60","53","54947331","LLL Conjo","65"
"I","false","false","false","false","278","119","80767450","matafanboy","154"
"I","false","false","false","false","31","105","20599487","Pukc","122"
"I","false","false","false","true","161","295","20941465","l am Jorge","328"
"I","false","true","false","false","367","265","33611908","ASUS F Econatorz","299"
"I","true","false","false","false","2","150","43700746","jandrilare","179"
"I","false","false","false","false","23","108","25486366","Maaju","170"
"I","false","false","false","true","327","329","20536379","Tabasko","365"
"I","false","false","false","false","121","62","23655575","Aweos 1v3","79"
"I","false","false","false","false","0","230","24483578","Moondus","252"
"I","false","false","false","false","172","148","52377081","PoM floriab","183"
"I","true","false","false","false","0","153","22815968","Wárden","181"
"I","true","false","false","false","382","63","19024517","Melty Wakz","95"
"I","false","true","false","true","50","114","37472013","ZzZ PapaOso","134"
"I","false","false","false","false","343","67","52200070","sss4","86"
"I","false","false","false","true","185","250","29947072","Tiramolla","292"
"I","false","false","false","false","18","111","23702602","Derethic","139"
"I","false","false","false","false","404","97","84396817","Gaweł","147"
"I","true","false","false","false","0","78","19090854","Gripex GG","97"
"I","false","true","false","true","227","157","33470801","RARARANK1 TYLER1","182"
"I","false","false","false","false","184","116","19920657","PGM JaVaaa","138"
"I","false","false","false","false","153","193","20366260","Hagilo","227"
"I","false","false","false","false","0","60","44236821","Travis","73"
"I","false","false","false","false","85","172","55776940","mumus100","184"
"I","false","true","false","true","320","214","32188888","jebana kurwa","247"
"I","false","false","false","false","72","182","24763111","Afm12","199"
"I","false","false","false","true","25","90","41521997","Canceled","114"
"I","false","false","false","false","0","146","52431713","Aux","171"
"I","false","false","false","false","78","196","22206550","Abaks","226"
"I","true","false","false","false","0","261","30838208","Kim Jóng un","287"
"I","false","true","false","false","360","68","73987142","HanBaoBao","100"
"I","false","false","false","false","27","155","34462792","Ewok the Cat","174"
"I","false","false","false","true","375","254","20008579","Supportive Lion","282"
"I","true","false","false","false","387","185","65177031","SUP stomPaged","221"
"I","true","false","false","false","0","282","22211831","Bystrup","316"
"I","false","false","false","false","408","56","21159627","Vorser","93"
"I","false","false","false","false","95","202","38513158","rubbbyyyyy","241"
"I","false","false","false","false","45","172","40696917","Frilla","191"
"I","false","false","false","false","34","27","81198194","EU Kuro","48"
"I","false","false","false","false","94","18","39978627","IllIIIIlIIlllIll","46"
"I","true","false","false","false","0","251","38897127","bjordaLen","277"
"I","false","false","false","false","322","146","32739019","KIYF Yugami","178"
"I","true","false","false","false","347","60","21071845","H2K Jankos","107"
"I","false","false","false","false","51","212","27094527","JustOneOfMany","253"
"I","false","false","false","false","0","156","19104449","TeaZing","178"
"I","false","false","false","true","123","92","19346637","NaVi VincentVega","115"
"I","false","false","false","false","57","187","20465721","SuperAZE","231"
"I","false","false","false","false","124","66","24695747","ZiViZ","87"
"I","false","false","false","false","0","99","20434449","EisohneWaffel","127"
"I","false","true","false","false","225","207","34880555","Unlucky Panky","237"
"I","false","false","false","false","98","180","24132609","Pandarlicious","199"
"I","false","false","false","false","194","61","24655211","DiggleGOD","79"
"I","false","false","false","false","0","73","50916400","1Cheve1","107"
"I","false","false","false","false","27","34","82890912","UtSuTsSuTtuSsUuS","85"
"I","false","false","false","false","64","133","44462070","LemoKnight","152"
"I","false","false","false","false","103","102","75481122","Stiles 2","124"
"I","false","false","false","true","144","282","44746989","The Ippon","313"
"I","false","true","false","false","206","130","20003595","Nocturnal Plex","151"
"I","true","true","false","false","56","336","37977224","AtraX ClaP","408"
"I","false","false","false","false","14","65","44049390","WTF HotGuy6Pack","92"
"I","true","false","false","false","112","69","24535051","Crüsher","99"
"I","false","false","false","false","195","408","19666136","Arin1","435"
"I","false","false","false","false","0","192","23735326","BMPR Razork","232"
"I","false","false","false","false","27","39","20323263","owndby Kev","65"
"I","false","false","false","false","387","175","22493694","K1CK Truklax","200"
"I","false","false","false","false","57","332","19721442","NIK LA DYNAMIC","406"
"I","false","false","false","false","138","176","21133207","FaoZ v12","202"
"I","false","false","false","false","265","53","32030629","Thé Exiled One","75"
"I","true","false","false","false","0","115","20929533","Lophix","182"
"I","false","false","false","false","241","175","34978029","Skeanz","215"
"I","true","false","false","false","13","268","22106471","Broekis Nutte","290"
"I","false","true","false","false","95","73","48617233","dONNIE","93"
"I","false","false","false","false","78","113","33136833","DoctorDeáth","183"
"I","false","false","false","false","11","44","24023965","Major1","66"
"I","true","false","false","false","150","64","80367072","GIA Special","93"
"I","false","false","false","false","0","94","32128754","A Stupid Idiot","116"
"I","true","false","false","false","45","168","42809686","Im Urgod","217"
"I","false","false","false","false","40","103","70027323","Agresivoo","116"
"I","true","false","false","false","0","176","19147395","Xaiserus","197"
"I","false","false","false","false","311","236","22670337","BloodyMark","279"
"I","false","false","false","false","13","106","68655486","Scoobert doobert","167"
"I","false","false","false","true","144","272","64186977","Kxng","302"
"I","true","true","false","false","56","329","24210465","Clemens Knispel","356"
"I","false","false","false","false","315","95","20006991","BKN Carbono","115"
"I","false","true","false","false","181","210","20459301","eXo Saotomex","249"
"I","false","false","false","true","117","204","20902645","SwagJKE","217"
"I","true","false","false","false","19","114","23165582","Heimerdancer","138"
"I","false","false","false","false","22","98","31912584","PGM Surprise","112"
"I","true","false","false","false","29","301","71570680","RíPTHEDREAAAM","327"
"I","false","false","false","false","201","122","22696797","Ziix Garguentua","153"
"I","false","false","false","true","349","227","22659867","FNC Klaj","292"
"I","false","false","false","false","344","255","27528620","Baxauer","284"
"I","false","false","false","false","134","145","20181136","MiniNuke","163"
"I","false","false","false","true","32","185","23832178","sQûiiRReL","203"
"I","true","false","false","false","16","121","52202098","Eishi Tsukasa","155"
"I","true","false","false","false","0","259","58027062","SKAYPE VER OÇ","280"
"I","true","false","false","false","0","83","50938486","NobCake","120"
"I","false","false","false","false","318","121","46026804","18 12 2015","204"
"I","true","true","false","false","0","195","28137553","Djazzbar","228"
"I","false","false","false","false","60","156","75290880","LoveY Is Belief","179"
"I","false","false","false","false","411","145","20308708","EL Giliusx","186"
"I","true","false","false","false","0","112","72907245","Toua AD","135"
"I","false","false","false","false","60","152","27000563","Stinger","184"
"I","true","true","false","false","102","158","71781155","Arcavì","219"
"I","false","false","false","false","141","116","20984365","Its Zynodor","140"
"I","true","false","false","false","85","296","19594334","dasfasdasfasd","323"
"I","false","false","false","false","168","113","52336033","YungTravolta","139"
"I","false","false","false","false","99","216","138212","Slore LFT","245"
"I","false","false","false","false","0","55","69767407","GodLîke v1","81"
"I","false","false","false","true","269","233","20970792","Ploxyyy","265"
"I","false","false","false","false","244","151","22061240","Aligân","198"
"I","false","false","false","false","9","136","23235578","sendo63","163"
"I","true","false","false","false","347","171","292470","ASUS Lvsyan","194"
"I","false","false","false","false","72","45","24440588","Unrealfern","69"
"I","false","false","false","false","415","63","41527677","Crykee v2","88"
"I","true","true","false","false","23","108","37996645","mors lilla olle","142"
"I","false","false","false","false","106","123","68651123","let san 2v3 pls ","177"
"I","false","true","false","false","111","207","33521999","WarShogun","249"
"I","false","false","false","false","272","128","19055174","aAa ZHeeeN","147"
"I","false","false","false","false","277","126","20412771","Myw King of Pain","157"
"I","false","false","false","false","100","91","31221267","Cryy93","118"
"I","false","false","false","false","59","130","72507091","Nomyamoto","147"
"I","false","false","false","false","308","228","22641992","MM Daemonize","250"
"I","false","true","false","false","66","114","43560840","Krysath","170"
"I","false","false","false","false","284","68","46488505","Real eBay player","88"
"I","true","false","false","false","0","128","23514240","C lh 33 S e","156"
"I","true","true","false","false","445","62","30699007","UncreativeName","93"
"I","false","false","false","false","215","87","21933392","The Project Zeus","131"
"I","false","false","false","false","117","196","20038406","HöFixG","218"
"I","false","false","false","false","150","288","28819508","Motroco","309"
"I","false","false","false","true","124","361","22266999","TryForce Shadow","398"
"I","false","false","false","false","160","120","56967141","FeelsClownMan","155"
"I","false","true","false","false","118","155","24368624","its sneaked","175"
"I","false","false","false","false","50","87","20813118","TaHooR","112"
"I","false","false","false","false","70","69","66771134","Taxol1t","97"
"I","false","false","false","false","44","102","42278386","Elwind","124"
"I","false","true","false","true","343","133","20208659","TheGreatGatšby","160"
"I","false","false","false","true","139","318","25472315","SkarnerOnly","353"
"I","false","false","false","true","160","311","20570900","Somnus Anima","334"
"I","false","true","false","true","301","306","27791631","Ígloo","330"
"I","false","false","false","false","10","29","38626699","Paper Tiger","54"
"I","false","false","false","true","86","338","36467479","Sertus","362"
"I","false","false","false","true","116","312","19479122","tbh to się uczę","331"
"I","false","false","false","false","0","85","19165064","Sir Carry Alot","110"
"I","false","false","false","false","302","89","20621685","Delumo","121"
"I","true","false","false","false","163","198","23629001","TryTrinity LFT","237"
"I","false","false","false","false","53","87","28160866","King of Negros","104"
"I","true","false","false","false","211","229","21877006","BOMBARDMENT","259"
"I","false","false","false","false","92","63","33088057","Aviril","87"
"I","false","false","false","false","85","75","81568143","uLUQFquI","110"
"I","false","false","false","true","221","85","33409059","The Pepsi King","111"
"I","true","false","false","false","19","113","20057595","Lee Kim Hyun","139"
"I","false","false","false","false","139","240","24258347","Death Coill","275"
"I","false","false","false","false","163","151","23216751","iLeDuck","183"
"I","true","false","false","false","0","346","73306918","PraYYY god","402"
"I","false","false","false","false","181","83","30120801","404 Fixed Blade","103"
"I","false","false","false","true","0","100","29107303","xantoniodx","111"
"I","true","false","false","false","68","112","26331232","Slapi","136"
"I","false","false","false","false","30","207","244732","Kìnzu","234"
"I","false","false","false","true","323","124","24049039","Iluzjonist Johan","159"
"I","false","true","false","false","17","76","20070587","Shady","97"
"I","false","true","false","true","112","183","21529523","LAMA Broua PàM","211"
"I","true","false","false","false","0","117","50997072","Ctrl Alt Rengar","136"
"I","true","false","false","false","2","277","32721822","Jolsty","302"
"I","false","false","false","false","17","125","37952833","Natalie Portman","171"
"I","false","false","false","false","220","104","25602474","Tartichevre","130"
"I","true","false","false","false","221","274","81365947","4G GAP","356"
"I","false","false","false","false","52","81","20371233","Jree","98"
"I","false","false","false","false","244","95","73967213","Sedrion","130"
